seed,uct_constant,make_copy_elapsed_sec,forced_deepcopy_elapsed_sec,speedup,make_copy_score_delta,forced_deepcopy_score_delta
13,1.0,410.8063191000838,1230.1040109000169,2.994364871491496,-14,-14
36,1.0,341.642937000026,962.1842089000857,2.8163445067796395,-10,-10
334,1.0,343.6295344000682,1232.4834602000192,3.5866633592824684,-10,-10
2222,1.0,307.23847470001783,749.7964695000555,2.4404380676350623,1,1
